"TAXON"	"ORDER"	"MASSKG"	"denDam87"	"denTetra"	"denBoth"	"BB"
"Antilocapra americana"	"Artiodactyla"	45.4	0.93	NA	0.93	0
"Addax nasomaculatus"	"Artiodactyla"	111	NA	0.0002585315	0.0002585315	0
"Aepyceros melampus"	"Artiodactyla"	51	13.1	2.2322435175	7.66612175875	0
"Alcelaphus buselaphus"	"Artiodactyla"	150	2.06	0.3081664099	1.18408320495	0
"Alcelaphus caama"	"Artiodactyla"	176	NA	0.2033333333	0.2033333333	0
"Alcelaphus lichtensteinii"	"Artiodactyla"	153	NA	0.0981308411	0.0981308411	0
"Ammodorcas clarkei"	"Artiodactyla"	28	0.83	NA	0.83	0
"Ammotragus lervia"	"Artiodactyla"	81.7	NA	NA	NA	0
"Antidorcas marsupialis"	"Artiodactyla"	31	4.65	0.575	2.6125	0
"Antilope cervicapra"	"Artiodactyla"	37.3	4.8	0.0245098039	2.41225490195	0
"Beatragus hunteri"	"Artiodactyla"	85	NA	0.0125	0.0125	0
"Bison bison"	"Artiodactyla"	624	0.32	0.153	0.2365	0
"Bison bonasus"	"Artiodactyla"	570	1	NA	1	0
"Bos frontalis"	"Artiodactyla"	775	NA	NA	NA	0
"Bos gaurus"	"Artiodactyla"	882	0.61	0.7871148459	0.69855742295	0
"Bos grunniens"	"Artiodactyla"	333	NA	1.05	1.05	0
"Bos javanicus"	"Artiodactyla"	600	0.85	NA	0.85	0
"Bos sauveli"	"Artiodactyla"	800	NA	NA	NA	0
"Bos taurus"	"Artiodactyla"	600	NA	NA	NA	0
"Boselaphus tragocamelus"	"Artiodactyla"	195	2.7	0.659922179	1.6799610895	0
"Bubalus bubalis"	"Artiodactyla"	950	1.2	1.537966538	1.368983269	0
"Bubalus depressicornis"	"Artiodactyla"	150	NA	NA	NA	0
"Bubalus mindorensis"	"Artiodactyla"	233	NA	NA	NA	0
"Bubalus quarlesi"	"Artiodactyla"	225	NA	NA	NA	0
"Budorcas taxicolor"	"Artiodactyla"	250	NA	NA	NA	0
"Capra aegagrus"	"Artiodactyla"	39.2	NA	NA	NA	0
"Capra caucasica"	"Artiodactyla"	55	NA	NA	NA	0
"Capra cylindricornis"	"Artiodactyla"	50	NA	NA	NA	0
"Capra falconeri"	"Artiodactyla"	41	NA	NA	NA	0
"Capra hircus"	"Artiodactyla"	45.8	3.1	NA	3.1	0
"Capra ibex"	"Artiodactyla"	71.5	NA	NA	NA	0
"Capra nubiana"	"Artiodactyla"	65	NA	NA	NA	0
"Capra pyrenaica"	"Artiodactyla"	56.3	NA	NA	NA	0
"Capra sibirica"	"Artiodactyla"	67.1	NA	NA	NA	0
"Capra walie"	"Artiodactyla"	101	4.6	NA	4.6	0
"Capricornis crispus"	"Artiodactyla"	37.2	NA	1.8	1.8	0
"Capricornis milneedwardsii"	"Artiodactyla"	95	NA	NA	NA	0
"Capricornis rubidus"	"Artiodactyla"	95	NA	NA	NA	0
"Capricornis sumatraensis"	"Artiodactyla"	102	NA	NA	NA	0
"Capricornis sumatrensis"	"Artiodactyla"	102	NA	0.23	0.23	0
"Capricornis swinhoei"	"Artiodactyla"	37	NA	NA	NA	0
"Capricornis thar"	"Artiodactyla"	95	NA	NA	NA	0
"Cephalophus adersi"	"Artiodactyla"	9.6	NA	1.75	1.75	0
"Cephalophus brookei"	"Artiodactyla"	20	NA	NA	NA	0
"Cephalophus callipygus"	"Artiodactyla"	18	NA	NA	NA	0
"Cephalophus dorsalis"	"Artiodactyla"	19.9	NA	NA	NA	0
"Cephalophus harveyi"	"Artiodactyla"	15	NA	NA	NA	0
"Cephalophus jentinki"	"Artiodactyla"	67.5	NA	NA	NA	0
"Cephalophus leucogaster"	"Artiodactyla"	16	NA	NA	NA	0
"Cephalophus maxwellii"	"Artiodactyla"	8	NA	NA	NA	0
"Cephalophus natalensis"	"Artiodactyla"	13	8	0.310880829	4.1554404145	0
"Cephalophus niger"	"Artiodactyla"	20	NA	0.0656455142	0.0656455142	1
"Cephalophus nigrifrons"	"Artiodactyla"	16	NA	6.6666666667	6.6666666667	0
"Cephalophus ogilbyi"	"Artiodactyla"	20	NA	NA	NA	0
"Cephalophus rufilatus"	"Artiodactyla"	10	4	0.1223501571	2.06117507855	0
"Cephalophus silvicultor"	"Artiodactyla"	62.5	NA	0.0287356322	0.0287356322	0
"Cephalophus spadix"	"Artiodactyla"	55	NA	NA	NA	0
"Cephalophus weynsi"	"Artiodactyla"	15	NA	NA	NA	0
"Cephalophus zebra"	"Artiodactyla"	17.5	NA	NA	NA	0
"Connochaetes gnou"	"Artiodactyla"	145	NA	2.9166666667	2.9166666667	0
"Connochaetes taurinus"	"Artiodactyla"	180	7.59	0.5903514436	4.0901757218	0
"Damaliscus korrigum"	"Artiodactyla"	118	NA	0.0167785235	0.0167785235	0
"Damaliscus lunatus"	"Artiodactyla"	129	11	0.3333333333	5.66666666665	0
"Damaliscus pygargus"	"Artiodactyla"	69	18.8	1.5168539326	10.1584269663	0
"Damaliscus superstes"	"Artiodactyla"	113	NA	NA	NA	0
"Dorcatragus megalotis"	"Artiodactyla"	9	NA	NA	NA	0
"Eudorcas rufifrons"	"Artiodactyla"	23.9	NA	0.2823529412	0.2823529412	0
"Eudorcas rufina"	"Artiodactyla"	40	NA	NA	NA	0
"Eudorcas thomsonii"	"Artiodactyla"	20	6.64	1.4824532	4.0612266	0
"Gazella arabica"	"Artiodactyla"	24.1	NA	12.9805	12.9805	0
"Gazella bennettii"	"Artiodactyla"	18.9	NA	0.2449888641	0.2449888641	0
"Gazella cuvieri"	"Artiodactyla"	17.5	NA	NA	NA	0
"Gazella dorcas"	"Artiodactyla"	17	NA	0.1315789474	0.1315789474	0
"Gazella erlangeri"	"Artiodactyla"	48.5	NA	NA	NA	0
"Gazella gazella"	"Artiodactyla"	20.8	NA	0.3	0.3	0
"Gazella leptoceros"	"Artiodactyla"	23.6	NA	NA	NA	0
"Gazella saudiya"	"Artiodactyla"	16	NA	NA	NA	0
"Gazella spekei"	"Artiodactyla"	19	NA	NA	NA	0
"Gazella subgutturosa"	"Artiodactyla"	25.3	NA	NA	NA	0
"Hemitragus hylocrius"	"Artiodactyla"	75	NA	9.8100558659	9.8100558659	0
"Hemitragus jayakari"	"Artiodactyla"	22.2	NA	NA	NA	0
"Hemitragus jemlahicus"	"Artiodactyla"	79.7	NA	NA	NA	0
"Hippotragus equinus"	"Artiodactyla"	26.5	0.774	0.0414606467	0.40773032335	0
"Hippotragus leucophaeus"	"Artiodactyla"	150	NA	NA	NA	0
"Hippotragus niger"	"Artiodactyla"	22.6	0.66	0.0728643644	0.3664321822	0
"Kobus ellipsiprymnus"	"Artiodactyla"	175	5.4	0.1537279016	2.7768639508	0
"Kobus kob"	"Artiodactyla"	58.6	7.76	0.1949425288	3.9774712644	0
"Kobus leche"	"Artiodactyla"	87	15.5	0.72	8.11	0
"Kobus megaceros"	"Artiodactyla"	17.5	NA	0.0197589409	0.0197589409	0
"Kobus vardonii"	"Artiodactyla"	69.8	0.15	0.2851227237	0.21756136185	0
"Litocranius walleri"	"Artiodactyla"	41.3	1.03	0.019351163	0.5246755815	1
"Madoqua guentheri"	"Artiodactyla"	4.1	NA	3.4855769231	3.4855769231	0
"Madoqua kirkii"	"Artiodactyla"	4.9	111	1.28	56.14	0
"Madoqua piacentinii"	"Artiodactyla"	2.5	NA	NA	NA	0
"Madoqua saltiana"	"Artiodactyla"	2.5	NA	NA	NA	0
"Naemorhedus baileyi"	"Artiodactyla"	28.5	NA	NA	NA	0
"Naemorhedus caudatus"	"Artiodactyla"	27	NA	NA	NA	0
"Naemorhedus goral"	"Artiodactyla"	27.7	NA	0.3282789992	0.3282789992	0
"Naemorhedus griseus"	"Artiodactyla"	28.5	NA	NA	NA	0
"Naemorhedus sumatraensis"	"Artiodactyla"	150	NA	NA	NA	0
"Nanger dama"	"Artiodactyla"	59.5	NA	0.014	0.014	0
"Nanger granti"	"Artiodactyla"	59.5	1.06	0.6239316239	0.84196581195	0
"Nanger soemmerringii"	"Artiodactyla"	39.5	NA	0.3169417618	0.3169417618	0
"Neotragus batesi"	"Artiodactyla"	2.5	NA	NA	NA	0
"Neotragus moschatus"	"Artiodactyla"	5	NA	0.9900990099	0.9900990099	0
"Neotragus pygmaeus"	"Artiodactyla"	2.1	NA	NA	NA	0
"Oreamnos americanus"	"Artiodactyla"	78.5	NA	NA	NA	0
"Oreotragus oreotragus"	"Artiodactyla"	12.2	4.6	0.0482115271	2.32410576355	0
"Oryx beisa"	"Artiodactyla"	201	NA	0.0811764706	0.0811764706	0
"Oryx dammah"	"Artiodactyla"	158	NA	NA	NA	0
"Oryx gazella"	"Artiodactyla"	172	0.75	0.5886666667	0.66933333335	0
"Oryx leucoryx"	"Artiodactyla"	83	NA	0.0971479501	0.0971479501	0
"Ourebia ourebi"	"Artiodactyla"	17.5	1.9	0.1738926175	1.03694630875	0
"Ovibos moschatus"	"Artiodactyla"	302	0.36	0.449	0.4045	0
"Ovis ammon"	"Artiodactyla"	92	NA	0.1383333334	0.1383333334	0
"Ovis aries"	"Artiodactyla"	50	NA	NA	NA	0
"Ovis canadensis"	"Artiodactyla"	65	1.68	NA	1.68	0
"Ovis dalli"	"Artiodactyla"	66.9	NA	0.474	0.474	0
"Ovis musimon"	"Artiodactyla"	50	NA	6.4	6.4	0
"Ovis nivicola"	"Artiodactyla"	50.5	NA	NA	NA	0
"Pantholops hodgsonii"	"Artiodactyla"	34.1	NA	0.8658333334	0.8658333334	0
"Pelea capreolus"	"Artiodactyla"	24.5	5.71	1.1111111111	3.41055555555	0
"Philantomba maxwellii"	"Artiodactyla"	6.9	NA	5.1021152444	5.1021152444	0
"Philantomba monticola"	"Artiodactyla"	6.3	NA	16	16	0
"Procapra gutturosa"	"Artiodactyla"	27.8	NA	NA	NA	0
"Procapra picticaudata"	"Artiodactyla"	23.2	NA	1.2591666667	1.2591666667	0
"Procapra przewalskii"	"Artiodactyla"	27.5	NA	9.435	9.435	0
"Pseudois nayaur"	"Artiodactyla"	49.8	NA	0.79125	0.79125	0
"Pseudois schaeferi"	"Artiodactyla"	29.2	NA	NA	NA	0
"Pseudoryx nghetinhensis"	"Artiodactyla"	90	NA	NA	NA	0
"Raphicerus campestris"	"Artiodactyla"	11.3	0.6	0.1	0.35	0
"Raphicerus melanotis"	"Artiodactyla"	10.3	NA	0.6	0.6	0
"Raphicerus sharpei"	"Artiodactyla"	7.6	0.85	0.0157986203	0.43289931015	0
"Redunca arundinum"	"Artiodactyla"	50.8	1.46	0.0658275844	0.7629137922	0
"Redunca fulvorufula"	"Artiodactyla"	30	6.69	0.0581473364	3.3740736682	0
"Redunca redunca"	"Artiodactyla"	40	0.81	0.0810039578	0.4455019789	0
"Rupicapra pyrenaica"	"Artiodactyla"	30	NA	7.075	7.075	0
"Rupicapra rupicapra"	"Artiodactyla"	36	NA	NA	NA	0
"Saiga borealis"	"Artiodactyla"	47.5	NA	NA	NA	0
"Saiga tatarica"	"Artiodactyla"	38.3	0.8	NA	0.8	0
"Sylvicapra grimmia"	"Artiodactyla"	20	1.53	0.1145374449	0.82226872245	0
"Syncerus caffer"	"Artiodactyla"	555	3.81	0.677212288	2.243606144	0
"Taurotragus derbianus"	"Artiodactyla"	560	NA	0.0991458206	0.0991458206	0
"Taurotragus oryx"	"Artiodactyla"	433	0.345	0.1341331724	0.2395665862	0
"Tetracerus quadricornis"	"Artiodactyla"	17.5	NA	0.093837535	0.093837535	0
"Tragelaphus angasii"	"Artiodactyla"	91	0.209	0.0516088262	0.1303044131	0
"Tragelaphus buxtoni"	"Artiodactyla"	199	NA	4.6	4.6	1
"Tragelaphus eurycerus"	"Artiodactyla"	205	NA	0.022889115	0.022889115	0
"Tragelaphus imberbis"	"Artiodactyla"	77	0.182	0.075	0.1285	0
"Tragelaphus scriptus"	"Artiodactyla"	40.4	10.3	0.0849192618	5.1924596309	0
"Tragelaphus spekii"	"Artiodactyla"	81.3	110	0.1371422675	55.06857113375	0
"Tragelaphus strepsiceros"	"Artiodactyla"	198	1.79	0.1	0.945	0
"Camelus bactrianus"	"Artiodactyla"	550	NA	1.5	1.5	0
"Camelus dromedarius"	"Artiodactyla"	434	NA	0.02	0.02	0
"Lama glama"	"Artiodactyla"	110	NA	NA	NA	0
"Lama guanicoe"	"Artiodactyla"	70.5	0.51	0.67	0.59	0
"Lama pacos"	"Artiodactyla"	60	NA	NA	NA	0
"Vicugna vicugna"	"Artiodactyla"	50	3.5	NA	3.5	0
"Alces alces"	"Artiodactyla"	351	0.72	NA	0.72	1
"Alces americanus"	"Artiodactyla"	542	NA	0.3	0.3	1
"Axis axis"	"Artiodactyla"	55	13	4.8968871596	8.9484435798	0
"Axis calamianensis"	"Artiodactyla"	39.8	NA	NA	NA	0
"Axis kuhlii"	"Artiodactyla"	55	NA	NA	NA	0
"Axis porcinus"	"Artiodactyla"	33.5	35	0.3616376042	17.6808188021	0
"Blastocerus dichotomus"	"Artiodactyla"	103	0.146	0.15	0.148	1
"Capreolus capreolus"	"Artiodactyla"	21.5	NA	19	19	1
"Capreolus pygargus"	"Artiodactyla"	39.5	NA	NA	NA	1
"Cervus canadensis"	"Artiodactyla"	285	0.93	NA	0.93	0
"Cervus duvaucelii"	"Artiodactyla"	39	12.7	NA	12.7	0
"Cervus elaphus"	"Artiodactyla"	150	5.48	3	4.24	0
"Cervus nippon"	"Artiodactyla"	53	NA	11.35	11.35	0
"Dama dama"	"Artiodactyla"	54.5	NA	14.43	14.43	1
"Dama mesopotamica"	"Artiodactyla"	70	NA	NA	NA	1
"Elaphodus cephalophus"	"Artiodactyla"	18	NA	NA	NA	1
"Elaphurus davidianus"	"Artiodactyla"	149	NA	NA	NA	0
"Hippocamelus antisensis"	"Artiodactyla"	68.6	NA	NA	NA	1
"Hippocamelus bisulcus"	"Artiodactyla"	70	NA	0.68	0.68	1
"Hydropotes inermis"	"Artiodactyla"	11	NA	NA	NA	1
"Mazama americana"	"Artiodactyla"	26.1	10	0.24	5.12	1
"Mazama bororo"	"Artiodactyla"	25	NA	NA	NA	1
"Mazama bricenii"	"Artiodactyla"	16.5	NA	NA	NA	1
"Mazama chunyi"	"Artiodactyla"	16.1	NA	NA	NA	1
"Mazama gouazoubira"	"Artiodactyla"	20	NA	3.16	3.16	1
"Mazama nana"	"Artiodactyla"	17.5	NA	NA	NA	1
"Mazama pandora"	"Artiodactyla"	16.5	NA	NA	NA	1
"Mazama rufina"	"Artiodactyla"	8.2	NA	NA	NA	1
"Mazama temama"	"Artiodactyla"	16.5	NA	NA	NA	1
"Muntiacus atherodes"	"Artiodactyla"	18.9	NA	NA	NA	1
"Muntiacus crinifrons"	"Artiodactyla"	18.6	NA	NA	NA	1
"Muntiacus feae"	"Artiodactyla"	22	NA	NA	NA	1
"Muntiacus gongshanensis"	"Artiodactyla"	18.6	NA	NA	NA	1
"Muntiacus muntjak"	"Artiodactyla"	14	3.53	0.8035019455	2.16675097275	1
"Muntiacus puhoatensis"	"Artiodactyla"	21	NA	NA	NA	1
"Muntiacus putaoensis"	"Artiodactyla"	21	NA	NA	NA	1
"Muntiacus reevesi"	"Artiodactyla"	12	NA	NA	NA	1
"Muntiacus rooseveltorum"	"Artiodactyla"	10.8	NA	NA	NA	1
"Muntiacus truongsonensis"	"Artiodactyla"	21	NA	NA	NA	1
"Muntiacus vuquangensis"	"Artiodactyla"	36.7	NA	NA	NA	1
"Odocoileus hemionus"	"Artiodactyla"	55.8	10	NA	10	1
"Odocoileus virginianus"	"Artiodactyla"	52	12.6	4.028	8.314	1
"Ozotoceros bezoarticus"	"Artiodactyla"	35	NA	3.66	3.66	1
"Przewalskium albirostris"	"Artiodactyla"	125	NA	0.0420833333	0.0420833333	0
"Pudu mephistophiles"	"Artiodactyla"	9	NA	NA	NA	1
"Pudu puda"	"Artiodactyla"	9	NA	NA	NA	1
"Rangifer tarandus"	"Artiodactyla"	113	2.88	0.105	1.4925	1
"Rucervus duvaucelii"	"Artiodactyla"	143	NA	2.9818181819	2.9818181819	0
"Rucervus eldii"	"Artiodactyla"	123	NA	NA	NA	0
"Rucervus schomburgki"	"Artiodactyla"	108	NA	NA	NA	0
"Rusa alfredi"	"Artiodactyla"	46.5	NA	NA	NA	0
"Rusa marianna"	"Artiodactyla"	50	NA	NA	NA	0
"Rusa timorensis"	"Artiodactyla"	53	NA	NA	NA	0
"Rusa unicolor"	"Artiodactyla"	171	1.42	1.7749077491	1.59745387455	0
"Giraffa camelopardalis"	"Artiodactyla"	1000	0.937	0.4184	0.6777	1
"Okapia johnstoni"	"Artiodactyla"	250	NA	0.5003497013	0.5003497013	1
"Hexaprotodon liberiensis"	"Artiodactyla"	215	NA	NA	NA	0
"Hippopotamus amphibius"	"Artiodactyla"	1258	NA	0.1579862025	0.1579862025	0
"Moschus anhuiensis"	"Artiodactyla"	12	NA	NA	NA	1
"Moschus berezovskii"	"Artiodactyla"	10.9	NA	NA	NA	1
"Moschus chrysogaster"	"Artiodactyla"	11	NA	NA	NA	1
"Moschus cupreus"	"Artiodactyla"	12	NA	NA	NA	1
"Moschus fuscus"	"Artiodactyla"	13.7	NA	NA	NA	1
"Moschus leucogaster"	"Artiodactyla"	12	NA	NA	NA	1
"Moschus moschiferus"	"Artiodactyla"	12	NA	NA	NA	0
"Babyrousa babyrussa"	"Artiodactyla"	85	NA	NA	NA	0
"Babyrousa bolabatuensis"	"Artiodactyla"	80	NA	NA	NA	0
"Babyrousa celebensis"	"Artiodactyla"	80	NA	NA	NA	0
"Babyrousa togeanensis"	"Artiodactyla"	80	NA	NA	NA	0
"Hylochoerus meinertzhageni"	"Artiodactyla"	203	NA	NA	NA	0
"Phacochoerus aethiopicus"	"Artiodactyla"	71	1.3	4.25	2.775	0
"Phacochoerus africanus"	"Artiodactyla"	82.5	NA	0.2376708259	0.2376708259	0
"Potamochoerus larvatus"	"Artiodactyla"	84.5	NA	0.1078604002	0.1078604002	0
"Potamochoerus porcus"	"Artiodactyla"	71	0.27	0.86	0.565	0
"Sus ahoenobarbus"	"Artiodactyla"	150	NA	NA	NA	0
"Sus barbatus"	"Artiodactyla"	103	NA	17.3	17.3	0
"Sus bucculentus"	"Artiodactyla"	80	NA	NA	NA	0
"Sus cebifrons"	"Artiodactyla"	30	NA	NA	NA	0
"Sus celebensis"	"Artiodactyla"	54	NA	NA	NA	0
"Sus oliveri"	"Artiodactyla"	10	NA	NA	NA	0
"Sus philippensis"	"Artiodactyla"	102	NA	NA	NA	0
"Sus salvanius"	"Artiodactyla"	8.2	NA	NA	NA	0
"Sus scrofa"	"Artiodactyla"	80	2.84	2.67	2.755	0
"Sus verrucosus"	"Artiodactyla"	89.4	NA	NA	NA	0
"Catagonus wagneri"	"Artiodactyla"	35.3	NA	4.835	4.835	0
"Pecari tajacu"	"Artiodactyla"	20.2	NA	5.325	5.325	0
"Tayassu pecari"	"Artiodactyla"	32	7.46	9.2	8.33	0
"Hyemoschus aquaticus"	"Artiodactyla"	12.3	17.9	NA	17.9	1
"Moschiola meminna"	"Artiodactyla"	26.9	3.1	1.0724207464	2.0862103732	1
"Tragulus javanicus"	"Artiodactyla"	3	NA	NA	NA	0
"Tragulus kanchil"	"Artiodactyla"	4.4	NA	NA	NA	1
"Tragulus napu"	"Artiodactyla"	5.9	NA	NA	NA	1
"Tragulus nigricans"	"Artiodactyla"	4.4	NA	NA	NA	1
"Tragulus versicolor"	"Artiodactyla"	4.4	NA	NA	NA	1
"Tragulus williamsoni"	"Artiodactyla"	4.4	NA	NA	NA	1
"Dendrohyrax arboreus"	"Hyracoidea"	2.3	NA	NA	NA	1
"Dendrohyrax dorsalis"	"Hyracoidea"	3	NA	NA	NA	1
"Dendrohyrax validus"	"Hyracoidea"	3	25.6	NA	25.6	1
"Heterohyrax brucei"	"Hyracoidea"	2.5	NA	4500	4500	1
"Procavia capensis"	"Hyracoidea"	4	NA	2600	2600	0
"Lepus americanus"	"Lagomorpha"	4.35	141	36.6667	88.83335	0
"Lepus californicus"	"Lagomorpha"	2.42	13	NA	13	0
"Lepus capensis"	"Lagomorpha"	2.86	9.97	16.49	13.23	0
"Lepus coreanus"	"Lagomorpha"	3.11	NA	50	50	0
"Lepus europaeus"	"Lagomorpha"	3.82	NA	47.48	47.48	0
"Lepus microtis"	"Lagomorpha"	1.75	NA	900	900	0
"Lepus nigricollis"	"Lagomorpha"	2.71	101	NA	101	0
"Lepus timidus"	"Lagomorpha"	3.4	18.6	400	209.3	0
"Lepus townsendi"	"Lagomorpha"	3.4	5.84	NA	5.84	0
"Oryctolagus cuniculus"	"Lagomorpha"	1.81	131	1385	758	0
"Sylvilagus aquaticus"	"Lagomorpha"	2	NA	41.7	41.7	0
"Sylvilagus auduboni"	"Lagomorpha"	0.854	35.4	NA	35.4	0
"Sylvilagus bachmani"	"Lagomorpha"	0.692	544	NA	544	0
"Sylvilagus brasiliensis"	"Lagomorpha"	1.017	NA	NA	NA	0
"Sylvilagus floridanus"	"Lagomorpha"	1.3	588	728.96	658.48	0
"Sylvilagus nuttalli"	"Lagomorpha"	1.02	68.8	NA	68.8	0
"Ochotona collaris"	"Lagomorpha"	0.15	NA	642.46	642.46	0
"Ochotona princeps"	"Lagomorpha"	0.181	558	1000.755	779.3775	0
"Equus asinus"	"Perissodactyla"	220	NA	NA	NA	0
"Equus burchellii"	"Perissodactyla"	235	3.74	6.3	5.02	0
"Equus caballus"	"Perissodactyla"	350	NA	NA	NA	0
"Equus grevyi"	"Perissodactyla"	384	2.57	NA	2.57	0
"Equus hemionus"	"Perissodactyla"	230	NA	3.195	3.195	0
"Equus kiang"	"Perissodactyla"	275	NA	0.4216666667	0.4216666667	0
"Equus onager"	"Perissodactyla"	250	NA	NA	NA	0
"Equus quagga"	"Perissodactyla"	313	NA	NA	NA	0
"Equus zebra"	"Perissodactyla"	260	1.5	0.0292383292	0.7646191646	0
"Ceratotherium simum"	"Perissodactyla"	2230	0.74	0.2037266312	0.4718633156	0
"Dicerorhinus sumatrensis"	"Perissodactyla"	750	0.093	13.5	6.7965	1
"Diceros bicornis"	"Perissodactyla"	869	0.84	0.07393815	0.456969075	0
"Rhinoceros sondaicus"	"Perissodactyla"	1400	0.12	NA	0.12	1
"Rhinoceros unicornis"	"Perissodactyla"	1600	6.27	5.55	5.91	0
"Tapirus bairdii"	"Perissodactyla"	225	0.63	0.36	0.495	1
"Tapirus indicus"	"Perissodactyla"	275	NA	2.36	2.36	1
"Tapirus pinchaque"	"Perissodactyla"	149	NA	0.181	0.181	1
"Tapirus terrestris"	"Perissodactyla"	235	0.8	0.4	0.6	1
"Callimico goeldii"	"Primates"	0.533	NA	2.45	2.45	0
"Callithrix acariensis"	"Primates"	0.42	NA	NA	NA	0
"Callithrix argentata"	"Primates"	0.355	NA	7.36	7.36	0
"Callithrix aurita"	"Primates"	0.4	NA	23.5	23.5	0
"Callithrix chrysoleuca"	"Primates"	0.35	NA	NA	NA	0
"Callithrix emiliae"	"Primates"	0.313	NA	NA	NA	0
"Callithrix flaviceps"	"Primates"	0.406	NA	7.1	7.1	0
"Callithrix geoffroyi"	"Primates"	0.29	NA	9.7	9.7	0
"Callithrix humeralifera"	"Primates"	0.343	NA	NA	NA	0
"Callithrix humilis"	"Primates"	0.165	NA	NA	NA	0
"Callithrix intermedia"	"Primates"	0.35	NA	54.1	54.1	0
"Callithrix jacchus"	"Primates"	0.29	900	671	785.5	0
"Callithrix kuhlii"	"Primates"	0.315	NA	46	46	0
"Callithrix leucippe"	"Primates"	0.42	NA	NA	NA	0
"Callithrix manicorensis"	"Primates"	0.135	NA	NA	NA	0
"Callithrix marcai"	"Primates"	0.35	NA	NA	NA	0
"Callithrix mauesi"	"Primates"	0.36	NA	NA	NA	0
"Callithrix melanura"	"Primates"	0.26	NA	NA	NA	0
"Callithrix nigriceps"	"Primates"	0.37	NA	NA	NA	0
"Callithrix penicillata"	"Primates"	0.307	NA	40	40	0
"Callithrix pygmaea"	"Primates"	0.117	NA	4.85	4.85	0
"Callithrix saterei"	"Primates"	0.435	NA	NA	NA	0
"Leontopithecus caissara"	"Primates"	0.57	NA	1.7	1.7	0
"Leontopithecus chrysomelas"	"Primates"	0.578	NA	7.58	7.58	0
"Leontopithecus chrysopygus"	"Primates"	0.575	NA	1.71	1.71	0
"Leontopithecus rosalia"	"Primates"	0.6	NA	6.79	6.79	0
"Saguinus bicolor"	"Primates"	0.43	NA	NA	NA	0
"Saguinus fuscicollis"	"Primates"	0.37	NA	18	18	0
"Saguinus graellsi"	"Primates"	0.563	NA	NA	NA	0
"Saguinus imperator"	"Primates"	0.45	NA	9	9	0
"Saguinus inustus"	"Primates"	0.46	NA	NA	NA	0
"Saguinus labiatus"	"Primates"	0.501	NA	11	11	0
"Saguinus martinsi"	"Primates"	0.35	NA	NA	NA	0
"Saguinus melanoleucus"	"Primates"	0.563	NA	65.1	65.1	0
"Saguinus midas"	"Primates"	0.5	33	25	29	0
"Saguinus mystax"	"Primates"	0.525	NA	32.1	32.1	0
"Saguinus niger"	"Primates"	0.355	NA	19.02	19.02	0
"Saguinus nigricollis"	"Primates"	0.411	NA	20.3	20.3	0
"Saguinus oedipus"	"Primates"	0.411	23	55	39	0
"Saguinus pileatus"	"Primates"	0.563	NA	15.3	15.3	0
"Saguinus tripartitus"	"Primates"	0.385	NA	NA	NA	0
"Alouatta belzebul"	"Primates"	6.4	NA	3.475	3.475	0
"Alouatta caraya"	"Primates"	5.38	25	11.2	18.1	0
"Alouatta coibensis"	"Primates"	7	NA	NA	NA	0
"Alouatta fusca"	"Primates"	6	NA	NA	NA	0
"Alouatta guariba"	"Primates"	5.54	NA	10.5	10.5	0
"Alouatta macconnelli"	"Primates"	6	NA	2.1	2.1	0
"Alouatta nigerrima"	"Primates"	6.6	NA	NA	NA	0
"Alouatta palliata"	"Primates"	6.68	51	22.295	36.6475	0
"Alouatta pigra"	"Primates"	8.92	NA	16.53	16.53	0
"Alouatta sara"	"Primates"	6.6	NA	8.6	8.6	0
"Alouatta seniculus"	"Primates"	6.19	74	30	52	0
"Aotus azarae"	"Primates"	1.21	NA	16.18	16.18	0
"Aotus hershkovitzi"	"Primates"	0.8	NA	NA	NA	0
"Aotus infulatus"	"Primates"	0.8	NA	NA	NA	0
"Aotus lemurinus"	"Primates"	0.874	NA	1.5	1.5	0
"Aotus miconax"	"Primates"	0.8	NA	NA	NA	0
"Aotus nancymaae"	"Primates"	0.787	NA	34.05	34.05	0
"Aotus nigriceps"	"Primates"	0.95	NA	22	22	0
"Aotus trivirgatus"	"Primates"	0.834	100	NA	100	0
"Aotus vociferans"	"Primates"	0.7	NA	15.55	15.55	0
"Ateles belzebuth"	"Primates"	7.5	13.5	8.75	11.125	0
"Ateles chamek"	"Primates"	7	NA	8.5	8.5	0
"Ateles fusciceps"	"Primates"	7.76	NA	NA	NA	0
"Ateles geoffroyi"	"Primates"	7.5	45	14.71	29.855	0
"Ateles hybridus"	"Primates"	6	NA	NA	NA	0
"Ateles marginatus"	"Primates"	5.5	NA	NA	NA	0
"Ateles paniscus"	"Primates"	7.76	NA	8.2	8.2	0
"Brachyteles arachnoides"	"Primates"	10.8	NA	21.75	21.75	0
"Brachyteles hypoxanthus"	"Primates"	13	NA	4.41	4.41	0
"Cacajao calvus"	"Primates"	3.17	NA	11.8	11.8	0
"Cacajao melanocephalus"	"Primates"	2.94	NA	11.22	11.22	0
"Callicebus baptista"	"Primates"	0.95	NA	NA	NA	0
"Callicebus barbarabrownae"	"Primates"	1	NA	NA	NA	0
"Callicebus brunneus"	"Primates"	0.83	NA	7.8	7.8	0
"Callicebus cinerascens"	"Primates"	0.74	NA	NA	NA	0
"Callicebus coimbrai"	"Primates"	1.02	NA	NA	NA	0
"Callicebus cupreus"	"Primates"	1.12	NA	5.1	5.1	0
"Callicebus donacophilus"	"Primates"	0.95	NA	NA	NA	0
"Callicebus hoffmannsi"	"Primates"	0.92	NA	NA	NA	0
"Callicebus medemi"	"Primates"	1	NA	NA	NA	0
"Callicebus melanochir"	"Primates"	1.37	NA	17	17	0
"Callicebus modestus"	"Primates"	0.992	NA	NA	NA	0
"Callicebus moloch"	"Primates"	0.95	255	NA	255	0
"Callicebus nigrifrons"	"Primates"	1.3	NA	10.3	10.3	0
"Callicebus oenanthe"	"Primates"	0.992	NA	NA	NA	0
"Callicebus olallae"	"Primates"	0.992	NA	NA	NA	0
"Callicebus ornatus"	"Primates"	1	NA	57	57	0
"Callicebus personatus"	"Primates"	1.31	NA	6.1	6.1	0
"Callicebus torquatus"	"Primates"	1.05	15	7.2	11.1	0
"Cebus albifrons"	"Primates"	2.7	37	8.6	22.8	0
"Cebus apella"	"Primates"	3.05	NA	13	13	0
"Cebus capucinus"	"Primates"	3.1	80	6.55	43.275	0
"Cebus kaapori"	"Primates"	3.05	NA	NA	NA	0
"Cebus libidinosus"	"Primates"	2.75	NA	14.1	14.1	0
"Cebus nigritus"	"Primates"	3.5	NA	10.3	10.3	0
"Cebus olivaceus"	"Primates"	2.7	35	2.2	18.6	0
"Cebus xanthosternos"	"Primates"	2.95	NA	10.9	10.9	0
"Chiropotes albinasus"	"Primates"	2.82	NA	7.5	7.5	0
"Chiropotes satanas"	"Primates"	2.89	NA	6.55	6.55	0
"Lagothrix cana"	"Primates"	8.5	NA	15.1	15.1	0
"Lagothrix lagotricha"	"Primates"	7.15	NA	6.3	6.3	0
"Lagothrix lugens"	"Primates"	8.15	NA	20.75	20.75	0
"Lagothrix poeppigii"	"Primates"	8.5	NA	7.2	7.2	0
"Oreonax flavicauda"	"Primates"	10	NA	NA	NA	0
"Pithecia aequatorialis"	"Primates"	2.25	NA	NA	NA	0
"Pithecia albicans"	"Primates"	3	NA	9	9	0
"Pithecia irrorata"	"Primates"	2.16	NA	4.8	4.8	0
"Pithecia monachus"	"Primates"	1.9	NA	8.1	8.1	0
"Pithecia pithecia"	"Primates"	1.64	40	3.485	21.7425	0
"Saguinus geoffroyi"	"Primates"	0.499	NA	11.795	11.795	0
"Saguinus leucopus"	"Primates"	0.49	NA	8.85	8.85	0
"Saimiri boliviensis"	"Primates"	0.811	NA	44.95	44.95	0
"Saimiri oerstedii"	"Primates"	0.789	25	83	54	0
"Saimiri sciureus"	"Primates"	0.721	25	22	23.5	0
"Saimiri ustus"	"Primates"	0.86	NA	NA	NA	0
"Saimiri vanzolinii"	"Primates"	0.8	NA	NA	NA	0
"Allenopithecus nigroviridis"	"Primates"	3.3	NA	NA	NA	0
"Cercocebus agilis"	"Primates"	7.11	NA	10.1	10.1	0
"Cercocebus atys"	"Primates"	6.94	NA	24.5	24.5	0
"Cercocebus chrysogaster"	"Primates"	11.5	NA	NA	NA	0
"Cercocebus galeritus"	"Primates"	5.43	45	134.085	89.5425	0
"Cercocebus sanjei"	"Primates"	11.5	NA	NA	NA	0
"Cercocebus torquatus"	"Primates"	7.04	NA	2.385	2.385	0
"Cercopithecus albogularis"	"Primates"	5.3	NA	48	48	0
"Cercopithecus ascanius"	"Primates"	3.31	108	51	79.5	0
"Cercopithecus campbelli"	"Primates"	3.15	20	40.6	30.3	0
"Cercopithecus cephus"	"Primates"	2.87	20	7.315	13.6575	0
"Cercopithecus denti"	"Primates"	4	NA	21.85	21.85	0
"Cercopithecus diana"	"Primates"	4.22	NA	53.25	53.25	0
"Cercopithecus doggetti"	"Primates"	5.6	NA	23.225	23.225	1
"Cercopithecus dryas"	"Primates"	3	NA	NA	NA	0
"Cercopithecus erythrogaster"	"Primates"	3.25	NA	30	30	0
"Cercopithecus erythrotis"	"Primates"	3.25	NA	NA	NA	0
"Cercopithecus hamlyni"	"Primates"	4.43	NA	5.34	5.34	0
"Cercopithecus kandti"	"Primates"	4.8	NA	76.55	76.55	1
"Cercopithecus lhoesti"	"Primates"	4.7	NA	4.2	4.2	0
"Cercopithecus lowei"	"Primates"	5.5	NA	15	15	1
"Cercopithecus mitis"	"Primates"	6	42	25.1	33.55	0
"Cercopithecus mona"	"Primates"	3.83	NA	27.2	27.2	1
"Cercopithecus neglectus"	"Primates"	4.67	34	42.5	38.25	0
"Cercopithecus nictitans"	"Primates"	4.23	22.5	23.7	23.1	0
"Cercopithecus petaurista"	"Primates"	3.65	NA	40.2	40.2	0
"Cercopithecus pogonias"	"Primates"	2.97	22.5	5.6	14.05	0
"Cercopithecus preussi"	"Primates"	5.13	NA	NA	NA	0
"Cercopithecus roloway"	"Primates"	5.5	NA	NA	NA	1
"Cercopithecus sclateri"	"Primates"	3.25	NA	NA	NA	0
"Cercopithecus solatus"	"Primates"	3.92	NA	25	25	0
"Cercopithecus wolfi"	"Primates"	2.87	NA	44.2	44.2	0
"Chlorocebus aethiops"	"Primates"	3.73	53	73	63	0
"Chlorocebus cynosuros"	"Primates"	5	NA	NA	NA	0
"Chlorocebus djamdjamensis"	"Primates"	5	NA	NA	NA	1
"Chlorocebus pygerythrus"	"Primates"	5	NA	36.785	36.785	0
"Chlorocebus sabaeus"	"Primates"	5	NA	9.35	9.35	0
"Chlorocebus tantalus"	"Primates"	5	NA	112.6	112.6	0
"Colobus angolensis"	"Primates"	8.63	NA	9.3	9.3	1
"Colobus guereza"	"Primates"	8	112	46.375	79.1875	1
"Colobus polykomos"	"Primates"	8.51	NA	45	45	1
"Colobus satanas"	"Primates"	8.91	30	11.3	20.65	1
"Colobus vellerosus"	"Primates"	7.7	NA	40	40	1
"Erythrocebus patas"	"Primates"	5.88	0.3	0.7675	0.53375	0
"Lophocebus albigena"	"Primates"	7	33	9.535	21.2675	0
"Lophocebus aterrimus"	"Primates"	6.51	NA	69	69	0
"Lophocebus opdenboschi"	"Primates"	6	NA	NA	NA	0
"Macaca arctoides"	"Primates"	7.31	NA	NA	NA	0
"Macaca assamensis"	"Primates"	9.1	NA	4.06	4.06	0
"Macaca cyclopis"	"Primates"	6.32	NA	NA	NA	0
"Macaca fascicularis"	"Primates"	3.46	25	31.95	28.475	0
"Macaca fuscata"	"Primates"	8.86	NA	30	30	0
"Macaca hecki"	"Primates"	15	NA	4.25	4.25	0
"Macaca leonina"	"Primates"	15	NA	4.65	4.65	0
"Macaca maura"	"Primates"	5.58	NA	NA	NA	0
"Macaca mulatta"	"Primates"	5.41	35	34.6134122288	34.8067061144	0
"Macaca nemestrina"	"Primates"	6.13	20	10.5	15.25	0
"Macaca nigra"	"Primates"	6.21	NA	47.9	47.9	0
"Macaca nigrescens"	"Primates"	15	NA	15.95	15.95	0
"Macaca ochreata"	"Primates"	2.75	NA	NA	NA	0
"Macaca pagensis"	"Primates"	4.53	NA	NA	NA	0
"Macaca radiata"	"Primates"	3.74	NA	0.0759057542	0.0759057542	0
"Macaca siberu"	"Primates"	15	NA	NA	NA	0
"Macaca silenus"	"Primates"	4.88	NA	5.05	5.05	0
"Macaca sinica"	"Primates"	4.44	100	50.835	75.4175	0
"Macaca sylvanus"	"Primates"	9.75	NA	36.5	36.5	0
"Macaca thibetana"	"Primates"	10	NA	NA	NA	0
"Macaca tonkeana"	"Primates"	10	NA	NA	NA	0
"Mandrillus leucophaeus"	"Primates"	9.09	NA	NA	NA	0
"Mandrillus sphinx"	"Primates"	11.9	NA	5	5	0
"Miopithecus ogouensis"	"Primates"	1.35	NA	NA	NA	0
"Miopithecus talapoin"	"Primates"	1.13	26.2	75.5	50.85	0
"Nasalis larvatus"	"Primates"	15.1	NA	22.005	22.005	1
"Papio anubis"	"Primates"	21.4	10.3	1.6822295082	5.9911147541	0
"Papio cynocephalus"	"Primates"	15.1	4	9.66	6.83	0
"Papio hamadryas"	"Primates"	14	1.8	7.75	4.775	0
"Papio papio"	"Primates"	18	12.5	6.3	9.4	0
"Papio ursinus"	"Primates"	20.6	2.3	4.78	3.54	0
"Piliocolobus badius"	"Primates"	6.16	230	105.5	167.75	1
"Piliocolobus foai"	"Primates"	8.2	NA	20.57	20.57	1
"Piliocolobus gordonorum"	"Primates"	8.2	NA	52.1	52.1	1
"Piliocolobus kirkii"	"Primates"	7.16	NA	40	40	1
"Piliocolobus pennantii"	"Primates"	7.95	NA	NA	NA	1
"Piliocolobus preussi"	"Primates"	8.87	NA	22.7	22.7	1
"Piliocolobus rufomitratus"	"Primates"	8.44	NA	185.41	185.41	1
"Piliocolobus tephrosceles"	"Primates"	8.2	NA	114	114	1
"Piliocolobus tholloni"	"Primates"	8.2	NA	NA	NA	1
"Presbytis aygula"	"Primates"	6.25	29	NA	29	1
"Presbytis chrysomelas"	"Primates"	6.55	NA	NA	NA	0
"Presbytis comata"	"Primates"	6.2	NA	4.5	4.5	0
"Presbytis femoralis"	"Primates"	6.23	NA	16.2	16.2	1
"Presbytis frontata"	"Primates"	5.62	NA	5.395	5.395	1
"Presbytis hosei"	"Primates"	5.91	NA	3.9	3.9	1
"Presbytis melalophos"	"Primates"	6.53	42	NA	42	1
"Presbytis natunae"	"Primates"	6.55	NA	7.8	7.8	0
"Presbytis potenziani"	"Primates"	6.29	NA	13.5	13.5	1
"Presbytis rubicunda"	"Primates"	6.23	11.4	11.4	11.4	1
"Presbytis siamensis"	"Primates"	5.9	NA	43.45	43.45	0
"Presbytis thomasi"	"Primates"	6.73	NA	27	27	1
"Procolobus verus"	"Primates"	3.6	NA	14.1	14.1	1
"Pygathrix cinerea"	"Primates"	10.9	NA	NA	NA	0
"Pygathrix nemaeus"	"Primates"	8.31	NA	36.4	36.4	0
"Pygathrix nigripes"	"Primates"	10.3	NA	NA	NA	1
"Pygathrix roxellana"	"Primates"	16.4	NA	NA	NA	0
"Rhinopithecus avunculus"	"Primates"	11.3	NA	NA	NA	1
"Rhinopithecus bieti"	"Primates"	9.96	NA	7	7	1
"Rhinopithecus brelichi"	"Primates"	12.3	NA	NA	NA	1
"Rhinopithecus roxellana"	"Primates"	14.8	NA	NA	NA	1
"Semnopithecus ajax"	"Primates"	14.5	NA	32.7	32.7	0
"Semnopithecus dussumieri"	"Primates"	14.5	NA	44.565	44.565	0
"Semnopithecus entellus"	"Primates"	17.2	57	20.71	38.855	0
"Semnopithecus hector"	"Primates"	14.5	NA	61	61	0
"Semnopithecus hypoleucos"	"Primates"	10	NA	NA	NA	0
"Semnopithecus priam"	"Primates"	14.5	NA	NA	NA	0
"Semnopithecus schistaceus"	"Primates"	14.5	NA	8.575	8.575	0
"Simias concolor"	"Primates"	7.39	NA	11.67	11.67	1
"Theropithecus gelada"	"Primates"	12.2	69.5	67.907	68.7035	0
"Trachypithecus auratus"	"Primates"	9.72	NA	42	42	1
"Trachypithecus barbei"	"Primates"	9.1	NA	NA	NA	0
"Trachypithecus cristatus"	"Primates"	6.19	150	NA	150	1
"Trachypithecus delacouri"	"Primates"	9.1	NA	NA	NA	0
"Trachypithecus ebenus"	"Primates"	9.1	NA	NA	NA	0
"Trachypithecus francoisi"	"Primates"	7.33	NA	NA	NA	1
"Trachypithecus geei"	"Primates"	8.1	NA	33.35	33.35	1
"Trachypithecus germaini"	"Primates"	9.1	NA	NA	NA	0
"Trachypithecus hatinhensis"	"Primates"	9.1	NA	NA	NA	0
"Trachypithecus johnii"	"Primates"	11.6	107	46.45	76.725	1
"Trachypithecus laotum"	"Primates"	9.1	NA	NA	NA	0
"Trachypithecus obscurus"	"Primates"	6.43	33	13.4	23.2	1
"Trachypithecus phayrei"	"Primates"	7.09	NA	2.1	2.1	1
"Trachypithecus pileatus"	"Primates"	10.9	NA	10.04	10.04	1
"Trachypithecus poliocephalus"	"Primates"	9.1	NA	2.965	2.965	0
"Trachypithecus shortridgei"	"Primates"	9.1	NA	NA	NA	0
"Trachypithecus vetulus"	"Primates"	7.04	154	153.8	153.9	1
"Allocebus trichotis"	"Primates"	0.088	NA	18	18	0
"Cheirogaleus adipicaudatus"	"Primates"	0.389	NA	NA	NA	0
"Cheirogaleus crossleyi"	"Primates"	0.389	NA	12	12	0
"Cheirogaleus major"	"Primates"	0.394	NA	40	40	0
"Cheirogaleus medius"	"Primates"	0.197	NA	99	99	0
"Cheirogaleus minusculus"	"Primates"	0.389	NA	NA	NA	0
"Cheirogaleus ravus"	"Primates"	0.389	NA	NA	NA	0
"Cheirogaleus sibreei"	"Primates"	0.389	NA	NA	NA	0
"Microcebus berthae"	"Primates"	0.033	NA	63	63	0
"Microcebus danfossi"	"Primates"	0.04	NA	370	370	0
"Microcebus griseorufus"	"Primates"	0.07	NA	790	790	0
"Microcebus murinus"	"Primates"	0.071	215	100	157.5	0
"Microcebus myoxinus"	"Primates"	0.031	NA	99.5	99.5	0
"Microcebus ravelobensis"	"Primates"	0.059	NA	NA	NA	0
"Microcebus rufus"	"Primates"	0.043	NA	21	21	0
"Microcebus sambiranensis"	"Primates"	0.049	NA	NA	NA	0
"Microcebus tavaratra"	"Primates"	0.068	NA	NA	NA	0
"Mirza coquereli"	"Primates"	0.307	121	51	86	0
"Phaner electromontis"	"Primates"	0.4	NA	NA	NA	0
"Phaner furcifer"	"Primates"	0.4	675	NA	675	0
"Phaner pallescens"	"Primates"	0.4	NA	96	96	0
"Phaner parienti"	"Primates"	0.4	NA	NA	NA	0
"Daubentonia madagascariensis"	"Primates"	2.56	NA	NA	NA	0
"Euoticus elegantulus"	"Primates"	0.28	17.5	16.25	16.875	0
"Euoticus pallidus"	"Primates"	0.28	NA	NA	NA	0
"Galago alleni"	"Primates"	0.283	17.5	16.25	16.875	0
"Galago cameronensis"	"Primates"	0.213	NA	NA	NA	0
"Galago demidoff"	"Primates"	0.063	NA	57.5	57.5	0
"Galago gabonensis"	"Primates"	0.213	NA	NA	NA	0
"Galago gallarum"	"Primates"	0.2	NA	NA	NA	0
"Galago granti"	"Primates"	0.213	NA	NA	NA	0
"Galago matschiei"	"Primates"	0.21	NA	NA	NA	0
"Galago moholi"	"Primates"	0.18	NA	3.14	3.14	0
"Galago nyasae"	"Primates"	0.213	NA	NA	NA	0
"Galago orinus"	"Primates"	0.213	NA	NA	NA	0
"Galago rondoensis"	"Primates"	0.213	NA	NA	NA	0
"Galago senegalensis"	"Primates"	0.201	NA	150	150	0
"Galago thomasi"	"Primates"	0.117	NA	64.95	64.95	0
"Galago zanzibaricus"	"Primates"	0.143	NA	175	175	0
"Otolemur crassicaudatus"	"Primates"	1.14	NA	NA	NA	0
"Otolemur garnettii"	"Primates"	0.731	NA	34.5	34.5	0
"Otolemur monteiri"	"Primates"	1.58	NA	NA	NA	0
"Gorilla beringei"	"Primates"	149	NA	0.575	0.575	0
"Gorilla gorilla"	"Primates"	101	1.8	0.705	1.2525	0
"Homo sapiens"	"Primates"	58.5	NA	NA	NA	0
"Pan paniscus"	"Primates"	32.7	4	2	3	0
"Pan troglodytes"	"Primates"	37.6	2.5	0.85	1.675	0
"Pongo abelii"	"Primates"	39.7	NA	1.405	1.405	0
"Pongo pygmaeus"	"Primates"	37.1	2	1.4	1.7	0
"Bunopithecus hoolock"	"Primates"	6.7	NA	7.965	7.965	0
"Hylobates agilis"	"Primates"	5.67	5.1	10.308	7.704	0
"Hylobates albibarbis"	"Primates"	6	NA	15.25	15.25	0
"Hylobates concolor"	"Primates"	8.5	NA	NA	NA	0
"Hylobates gabriellae"	"Primates"	9	NA	NA	NA	0
"Hylobates klossii"	"Primates"	5.8	30	20.25	25.125	0
"Hylobates lar"	"Primates"	5.54	6.2	7.4	6.8	0
"Hylobates leucogenys"	"Primates"	7.5	NA	NA	NA	0
"Hylobates moloch"	"Primates"	6.42	NA	3.43	3.43	0
"Hylobates muelleri"	"Primates"	5.53	22	8.45	15.225	0
"Hylobates mulleri x agilis"	"Primates"	5.67	NA	8.2	8.2	0
"Hylobates pileatus"	"Primates"	5.47	NA	29.6	29.6	0
"Nomascus concolor"	"Primates"	6.39	NA	4.02	4.02	0
"Nomascus gabriellae"	"Primates"	9	NA	NA	NA	0
"Nomascus hainanus"	"Primates"	8.25	NA	1.75	1.75	0
"Nomascus leucogenys"	"Primates"	7.37	NA	NA	NA	0
"Nomascus siki"	"Primates"	7.25	NA	NA	NA	0
"Symphalangus syndactylus"	"Primates"	10.5	5.2	16	10.6	0
"Avahi laniger"	"Primates"	1.18	150	50.85	100.425	0
"Avahi mooreorum"	"Primates"	0.8	NA	121.21	121.21	0
"Avahi occidentalis"	"Primates"	0.829	NA	67	67	0
"Avahi unicolor"	"Primates"	0.9	NA	NA	NA	0
"Indri indri"	"Primates"	7.92	12	8	10	0
"Propithecus coquereli"	"Primates"	4.19	NA	60	60	1
"Propithecus deckenii"	"Primates"	5	NA	172.6	172.6	1
"Propithecus diadema"	"Primates"	6.1	NA	27	27	1
"Propithecus edwardsi"	"Primates"	6.57	NA	4	4	1
"Propithecus perrieri"	"Primates"	5	NA	NA	NA	1
"Propithecus tattersalli"	"Primates"	3.49	NA	22.5	22.5	1
"Propithecus verreauxi"	"Primates"	3.66	175	61	118	1
"Eulemur albifrons"	"Primates"	2.5	NA	47	47	1
"Eulemur albocollaris"	"Primates"	2.4	NA	7.4	7.4	1
"Eulemur cinereiceps"	"Primates"	2.5	NA	NA	NA	1
"Eulemur collaris"	"Primates"	2.5	NA	10.7	10.7	1
"Eulemur coronatus"	"Primates"	1.39	NA	284.9	284.9	1
"Eulemur fulvus"	"Primates"	2.11	1030	110	570	1
"Eulemur macaco"	"Primates"	2.13	NA	200	200	1
"Eulemur mongoz"	"Primates"	1.55	350	44.6	197.3	1
"Eulemur rubriventer"	"Primates"	1.96	NA	30	30	1
"Eulemur rufus"	"Primates"	2.21	NA	86.5	86.5	1
"Eulemur sanfordi"	"Primates"	2.39	NA	456.3	456.3	1
"Hapalemur alaotrensis"	"Primates"	1.62	NA	88	88	1
"Hapalemur aureus"	"Primates"	1.46	NA	NA	NA	1
"Hapalemur griseus"	"Primates"	1.2	NA	20	20	1
"Hapalemur occidentalis"	"Primates"	1.75	NA	NA	NA	1
"Lemur catta"	"Primates"	2.3	250	140.375	195.1875	0
"Prolemur simus"	"Primates"	1.73	NA	NA	NA	0
"Varecia rubra"	"Primates"	3.87	NA	36.85	36.85	1
"Varecia variegata"	"Primates"	3.43	NA	27	27	1
"Arctocebus aureus"	"Primates"	0.21	NA	4.5	4.5	0
"Arctocebus calabarensis"	"Primates"	0.309	7	NA	7	0
"Loris lydekkerianus"	"Primates"	0.254	NA	NA	NA	0
"Loris tardigradus"	"Primates"	0.237	59	NA	59	0
"Nycticebus bengalensis"	"Primates"	1.14	NA	NA	NA	0
"Nycticebus coucang"	"Primates"	0.966	NA	20	20	0
"Nycticebus pygmaeus"	"Primates"	0.307	NA	NA	NA	0
"Perodicticus potto"	"Primates"	1.05	9	8.5	8.75	0
"Lepilemur ankaranensis"	"Primates"	0.7	NA	275	275	1
"Lepilemur dorsalis"	"Primates"	0.5	NA	NA	NA	1
"Lepilemur edwardsi"	"Primates"	0.921	NA	270.2	270.2	1
"Lepilemur grewcockorum"	"Primates"	0.9	NA	90	90	1
"Lepilemur leucopus"	"Primates"	0.606	NA	NA	NA	1
"Lepilemur microdon"	"Primates"	0.97	NA	13	13	1
"Lepilemur mustelinus"	"Primates"	0.65	288	33	160.5	1
"Lepilemur ruficaudatus"	"Primates"	0.77	NA	133.5	133.5	1
"Lepilemur septentrionalis"	"Primates"	0.75	NA	NA	NA	1
"Callicebus bernhardi"	"Primates"	0.95	NA	NA	NA	0
"Callicebus caligatus"	"Primates"	0.88	NA	NA	NA	0
"Callicebus discolor"	"Primates"	1	NA	5.55	5.55	0
"Callicebus dubius"	"Primates"	1	NA	14.7	14.7	0
"Callicebus lucifer"	"Primates"	1.5	NA	11	11	0
"Callicebus lugens"	"Primates"	1.4	NA	24.15	24.15	0
"Callicebus pallescens"	"Primates"	1	NA	17.17	17.17	0
"Callicebus purinus"	"Primates"	1.3	NA	3.1	3.1	0
"Callicebus regulus"	"Primates"	1.3	NA	6.95	6.95	0
"Callicebus stephennashi"	"Primates"	0.725	NA	NA	NA	0
"Chiropotes chiropotes"	"Primates"	3	NA	7.53	7.53	0
"Chiropotes israelita"	"Primates"	3	NA	NA	NA	0
"Chiropotes utahickae"	"Primates"	2.95	NA	5.81	5.81	0
"Tarsius bancanus"	"Primates"	0.123	NA	51.5	51.5	0
"Tarsius dentatus"	"Primates"	0.106	NA	NA	NA	0
"Tarsius pelengensis"	"Primates"	0.165	NA	NA	NA	0
"Tarsius pumilus"	"Primates"	0.123	NA	NA	NA	0
"Tarsius sangirensis"	"Primates"	0.165	NA	44.2	44.2	0
"Tarsius syrichta"	"Primates"	0.113	NA	NA	NA	0
"Tarsius tarsier"	"Primates"	0.18	NA	500	500	0
"Elephas maximus"	"Proboscidea"	4000	0.49	0.81	0.65	0
"Loxodonta africana"	"Proboscidea"	4200	1.09	0.1737213761	0.63186068805	0
"Loxodonta cyclotis"	"Proboscidea"	2575	NA	NA	NA	0
"Abrocoma bennettii"	"Rodentia"	0.274	NA	115	115	0
"Anomalurus derbianus"	"Rodentia"	0.727	NA	40.5	40.5	0
"Anomalurus pusillus"	"Rodentia"	0.406	NA	5	5	0
"Idiurus macrotis"	"Rodentia"	0.0315	NA	300.5	300.5	1
"Cryptomys hottentotus"	"Rodentia"	0.0687	741	NA	741	NA
"Heliophobius argenteocinereus"	"Rodentia"	0.163	NA	5800	5800	0
"Heterocephalus glaber"	"Rodentia"	0.046	NA	11100	11100	0
"Calomyscus bailwardi"	"Rodentia"	0.0225	400	NA	400	NA
"Cavia aperea"	"Rodentia"	0.487	2040	NA	2040	0
"Hydrochoerus hydrochaeris"	"Rodentia"	55.5	104	6.48	55.24	0
"Microcavia australis"	"Rodentia"	0.25	2390	NA	2390	0
"Chinchilla lanigera"	"Rodentia"	0.5	NA	770	770	0
"Abrothrix longipilis"	"Rodentia"	0.0444	NA	1345	1345	NA
"Abrothrix olivaceus"	"Rodentia"	0.0293	NA	1420	1420	NA
"Akodon azarae"	"Rodentia"	0.025	8670	NA	8670	0
"Akodon cursor"	"Rodentia"	0.0425	NA	NA	NA	NA
"Akodon longipilis"	"Rodentia"	0.0514	3815	NA	3815	NA
"Akodon olivaceous"	"Rodentia"	0.0291	3626	NA	3626	NA
"Akodon urichi"	"Rodentia"	0.045	200	NA	200	NA
"Arvicola terrestris"	"Rodentia"	0.143	30900	NA	30900	0
"Auliscomys micropus"	"Rodentia"	0.071	257	NA	257	NA
"Baiomys taylori"	"Rodentia"	0.007	1550	NA	1550	0
"Calomys calosus"	"Rodentia"	0.04	400	NA	400	0
"Calomys expulsus"	"Rodentia"	0.04	1350	NA	1350	0
"Calomys musculinus"	"Rodentia"	0.04	286	NA	286	0
"Clethrionomys gapperi"	"Rodentia"	0.027	1160	NA	1160	0
"Clethrionomys glareolus"	"Rodentia"	0.023	1890	NA	1890	0
"Clethrionomys occidentalis"	"Rodentia"	0.031	556	NA	556	0
"Clethrionomys rutilus"	"Rodentia"	0.028	4600	NA	4600	0
"Cricetulus migratorius"	"Rodentia"	0.0305	250	NA	250	NA
"Dicrostonyx groenlandicus"	"Rodentia"	0.056	585	NA	585	0
"Eothenomys smithi"	"Rodentia"	0.035	1610	NA	1610	NA
"Irenomys tarsalis"	"Rodentia"	0.0445	325	NA	325	NA
"Lagurus curtatus"	"Rodentia"	0.03	666	NA	666	NA
"Lemmus trimucronatus"	"Rodentia"	0.081	2900	NA	2900	0
"Microtus agrestis"	"Rodentia"	0.036	2200	NA	2200	0
"Microtus arvalis"	"Rodentia"	0.027	3770	NA	3770	0
"Microtus californicus"	"Rodentia"	0.069	19900	8850	14375	0
"Microtus longicaudatus"	"Rodentia"	0.047	7500	NA	7500	0
"Microtus mexicanus"	"Rodentia"	0.035	3000	NA	3000	0
"Microtus miurus"	"Rodentia"	0.0355	NA	154.2111506524	154.2111506524	0
"Microtus montanus"	"Rodentia"	0.043	6750	NA	6750	0
"Microtus ochrogaster"	"Rodentia"	0.035	12000	NA	12000	0
"Microtus oeconomus"	"Rodentia"	0.049	4500	NA	4500	0
"Microtus pennsylvanicus"	"Rodentia"	0.049	4040	NA	4040	0
"Microtus townsendii"	"Rodentia"	0.058	NA	NA	NA	0
"Myodes gapperi"	"Rodentia"	0.024	NA	2550	2550	0
"Myodes glareolus"	"Rodentia"	0.03	NA	1500	1500	0
"Myodes rutilus"	"Rodentia"	0.0325	NA	226.6467497035	226.6467497035	0
"Neacomys guianae"	"Rodentia"	0.0178	31	NA	31	NA
"Neacomys tenuipes"	"Rodentia"	0.017	NA	260	260	NA
"Necromys amoenus"	"Rodentia"	0.0254	2020	NA	2020	0
"Necromys urichi"	"Rodentia"	0.0475	NA	290	290	0
"Nectomys squamipes"	"Rodentia"	0.18	NA	NA	NA	0
"Neofiber alleni"	"Rodentia"	0.254	9880	NA	9880	0
"Neotoma albigula"	"Rodentia"	0.195	NA	200	200	0
"Neotoma bryanti"	"Rodentia"	0.183	NA	140	140	0
"Neotoma floridana"	"Rodentia"	0.278	140	676	408	0
"Neotoma fuscipes"	"Rodentia"	0.248	93	NA	93	0
"Neotoma lepida"	"Rodentia"	0.234	1610	310	960	0
"Neotoma mexicana"	"Rodentia"	0.176	NA	100	100	0
"Neotoma micropus"	"Rodentia"	0.279	1600	1850	1725	0
"Neotomodon alstoni"	"Rodentia"	0.05	NA	2065	2065	NA
"Notiomys macronyx"	"Rodentia"	0.0709	297	NA	297	NA
"Notiomys valdivianus"	"Rodentia"	0.0271	45	NA	45	NA
"Ochrotomys nuttalli"	"Rodentia"	0.021	351	NA	351	0
"Oecomys bicolor"	"Rodentia"	0.04	NA	50	50	NA
"Oecomys concolor"	"Rodentia"	0.065	NA	130	130	NA
"Oenomys hypoxanthus"	"Rodentia"	0.086	4220	NA	4220	NA
"Oligoryzomys longicaudatus"	"Rodentia"	0.0255	NA	185	185	NA
"Onychomys torridus"	"Rodentia"	0.0375	294	100	197	0
"Oryzomys bicolor"	"Rodentia"	0.049	50.2	NA	50.2	0
"Oryzomys capito"	"Rodentia"	0.042	532	NA	532	0
"Oryzomys concolor"	"Rodentia"	0.035	129	NA	129	0
"Oryzomys couesi"	"Rodentia"	0.0544	NA	200	200	0
"Oryzomys eliurus"	"Rodentia"	0.04	1050	NA	1050	0
"Oryzomys longicaudatus"	"Rodentia"	0.03	620	NA	620	0
"Oryzomys macconelli"	"Rodentia"	0.0765	58.8	NA	58.8	0
"Oryzomys megacephalus"	"Rodentia"	0.0695	NA	180	180	0
"Oryzomys melanotis"	"Rodentia"	0.0395	NA	1156.25	1156.25	0
"Oryzomys nigripes"	"Rodentia"	0.0241	2455	NA	2455	0
"Oryzomys oniscus"	"Rodentia"	0.04	200	NA	200	0
"Oryzomys palustris"	"Rodentia"	0.0575	1900	170	1035	0
"Oryzomys simplex"	"Rodentia"	0.04	1700	NA	1700	0
"Oryzomys subflavus"	"Rodentia"	0.05	100	NA	100	0
"Osgoodomys banderanus"	"Rodentia"	0.051	NA	480	480	NA
"Oxymycterus roberti"	"Rodentia"	0.095	NA	NA	NA	NA
"Oxymycterus rutilans"	"Rodentia"	0.085	620	NA	620	NA
"Peromyscus aztecus"	"Rodentia"	0.0335	NA	500	500	1
"Peromyscus boylii"	"Rodentia"	0.0275	585	6550	3567.5	1
"Peromyscus californicus"	"Rodentia"	0.05	4790	2900	3845	1
"Peromyscus crinitus"	"Rodentia"	0.0315	NA	750	750	1
"Peromyscus difficilis"	"Rodentia"	0.028	NA	NA	NA	1
"Peromyscus eremicus"	"Rodentia"	0.0357	293	400	346.5	1
"Peromyscus gossypinus"	"Rodentia"	0.034	4650	2449	3549.5	1
"Peromyscus keeni"	"Rodentia"	0.022	NA	1255	1255	1
"Peromyscus leucopus"	"Rodentia"	0.035	1890	400	1145	1
"Peromyscus maniculatus"	"Rodentia"	0.025	1060	154.21	607.105	1
"Peromyscus melanotis"	"Rodentia"	0.0279	NA	1790	1790	1
"Peromyscus perfulvus"	"Rodentia"	0.027	NA	800	800	1
"Peromyscus polionotus"	"Rodentia"	0.015	1040	NA	1040	1
"Peromyscus truei"	"Rodentia"	0.0325	4450	300	2375	1
"Phenacomys intermedius"	"Rodentia"	0.0325	250	1000	625	0
"Phyllotis darwini"	"Rodentia"	0.0605	4090	3390	3740	0
"Phyllotis osilae"	"Rodentia"	0.039	434	NA	434	0
"Phyllotis pictus"	"Rodentia"	0.044	263	NA	263	0
"Reithrodon auritus"	"Rodentia"	0.085	69	NA	69	NA
"Reithrodontomys chrysopsis"	"Rodentia"	0.016	NA	700	700	1
"Reithrodontomys fulvescens"	"Rodentia"	0.0183	598	1200	899	1
"Reithrodontomys megalotis"	"Rodentia"	0.0145	1530	770	1150	1
"Rhipidomys mastacalis"	"Rodentia"	0.107	144	110	127	NA
"Sigmodon alstoni"	"Rodentia"	0.06	50	150	100	0
"Sigmodon fuviventer"	"Rodentia"	0.12	1460	NA	1460	0
"Sigmodon hispidus"	"Rodentia"	0.171	2220	5250	3735	0
"Synaptomys cooperi"	"Rodentia"	0.027	1850	NA	1850	0
"Zygodontomys brevicauda"	"Rodentia"	0.065	279	980	629.5	NA
"Ctenomys opimus"	"Rodentia"	0.241	247	NA	247	NA
"Ctenomys peruanus"	"Rodentia"	0.4	4200	NA	4200	NA
"Ctenomys talarum"	"Rodentia"	0.155	NA	1300	1300	NA
"Cuniculus paca"	"Rodentia"	8.81	NA	25	25	NA
"Agouti paca"	"Rodentia"	8.2	25	NA	25	0
"Dasymys incomptus"	"Rodentia"	0.088	1940	NA	1940	NA
"Dasyprocta azarae"	"Rodentia"	2.96	NA	6.22	6.22	NA
"Dasyprocta leporina"	"Rodentia"	3.6	90	11.5	50.75	0
"Dasyprocta punctata"	"Rodentia"	2.4	100	1.853	50.9265	0
"Myoprocta acouchy"	"Rodentia"	0.552	NA	NA	NA	0
"Myoprocta pratti"	"Rodentia"	1.03	NA	0.55	0.55	0
"Zapus hudsonius"	"Rodentia"	0.018	6430	NA	6430	0
"Zapus princeps"	"Rodentia"	0.029	330	NA	330	0
"Echimys chrysurus"	"Rodentia"	0.475	7	NA	7	0
"Echimys semivillosus"	"Rodentia"	0.4	40	NA	40	0
"Makalata armata"	"Rodentia"	0.4	175	NA	175	NA
"Proechimys guairae"	"Rodentia"	0.375	NA	312.5	312.5	0
"Proechimys guyannensis"	"Rodentia"	0.318	1060	1135	1097.5	0
"Proechimys semispinosus"	"Rodentia"	0.495	583	1630	1106.5	0
"Trinomys iheringi"	"Rodentia"	0.206	NA	156	156	NA
"Coendu bicolor"	"Rodentia"	5	NA	NA	NA	0
"Coendu prehensilis"	"Rodentia"	4	40.3	NA	40.3	0
"Erethizon dorsatum"	"Rodentia"	8.62	3.9	NA	3.9	0
"Sphiggurus insidiosus"	"Rodentia"	1	NA	NA	NA	NA
"Geomys attwateri"	"Rodentia"	0.147	NA	7510	7510	0
"Geomys breviceps"	"Rodentia"	0.114	NA	55	55	0
"Geomys bursarius"	"Rodentia"	0.337	NA	600	600	0
"Thomomys bottae"	"Rodentia"	0.323	2200	9300	5750	0
"Thomomys mazama"	"Rodentia"	0.15	NA	3500	3500	0
"Thomomys talpoides"	"Rodentia"	0.296	2480	2500	2490	0
"Eliomys quercinus"	"Rodentia"	0.117	NA	126.5	126.5	0
"Glis glis"	"Rodentia"	0.145	NA	170	170	NA
"Graphiurus murinus"	"Rodentia"	0.0278	NA	212.5	212.5	NA
"Chaetodipus baileyi"	"Rodentia"	0.0255	NA	3480	3480	0
"Chaetodipus nelsoni"	"Rodentia"	0.016	NA	400	400	0
"Chaetodipus penicillatus"	"Rodentia"	0.017	NA	100	100	0
"Dipodomys agilis"	"Rodentia"	0.06	504	NA	504	0
"Dipodomys deserti"	"Rodentia"	0.114	469	160.5	314.75	0
"Dipodomys elator"	"Rodentia"	0.145	1450	NA	1450	0
"Dipodomys heermani"	"Rodentia"	0.072	950	NA	950	0
"Dipodomys ingens"	"Rodentia"	0.114	NA	NA	NA	0
"Dipodomys merriami"	"Rodentia"	0.103	1209	692	950.5	0
"Dipodomys microps"	"Rodentia"	0.065	1310	NA	1310	0
"Dipodomys nelsoni"	"Rodentia"	0.0865	NA	300	300	0
"Dipodomys ordii"	"Rodentia"	0.067	449	404	426.5	0
"Dipodomys spectabilis"	"Rodentia"	0.138	205	728	466.5	0
"Heteromys anomalus"	"Rodentia"	0.0635	1090	100	595	0
"Heteromys desmarestianus"	"Rodentia"	0.065	695	NA	695	0
"Liomys pictus"	"Rodentia"	0.0445	1380	3400	2390	0
"Liomys salvini"	"Rodentia"	0.039	620	NA	620	0
"Perognathus fasciatus"	"Rodentia"	0.011	NA	231	231	0
"Perognathus flavus"	"Rodentia"	0.0075	294	100	197	0
"Perognathus inornatus"	"Rodentia"	0.019	NA	40	40	0
"Perognathus intermedius"	"Rodentia"	0.017	480	NA	480	0
"Perognathus longimembris"	"Rodentia"	0.0075	214	NA	214	0
"Perognathus parvus"	"Rodentia"	0.0235	2970	8230	5600	0
"Perognathus penicillatus"	"Rodentia"	0.015	701	NA	701	0
"Atherurus africanus"	"Rodentia"	3	NA	0.6	0.6	NA
"Hystrix brachyura"	"Rodentia"	11	NA	1.02	1.02	NA
"Hystrix indica"	"Rodentia"	15.1	NA	4	4	NA
"Acomys cahirinus"	"Rodentia"	0.0505	NA	1900	1900	NA
"Acomys russatus"	"Rodentia"	0.0475	NA	2800	2800	NA
"Acomys spinosissimus"	"Rodentia"	0.024	NA	375	375	NA
"Acomys subspinosus"	"Rodentia"	0.0245	3450	3300	3375	NA
"Aethomys chrysophilus"	"Rodentia"	0.0755	NA	400	400	NA
"Aethomys hindei"	"Rodentia"	0.146	1590	NA	1590	NA
"Aethomys namaquensis"	"Rodentia"	0.042	3300	NA	3300	NA
"Apodemus agrarius"	"Rodentia"	0.02	1240	NA	1240	0
"Apodemus flavicollis"	"Rodentia"	0.0323	949	237.5	593.25	0
"Apodemus sylvaticus"	"Rodentia"	0.0295	2550	1700	2125	0
"Apomys musculus"	"Rodentia"	0.021	NA	880	880	0
"Archboldomys luzonensis"	"Rodentia"	0.0375	NA	450	450	NA
"Arvicanthis abyssinicus"	"Rodentia"	0.089	12400	2000	7200	NA
"Arvicanthis neumanni"	"Rodentia"	0.085	NA	400	400	NA
"Arvicanthis niloticus"	"Rodentia"	0.103	862	NA	862	NA
"Desmodillus auricularis"	"Rodentia"	0.055	1429	NA	1429	NA
"Gerbilliscus leucogaster"	"Rodentia"	0.095	NA	102.5	102.5	NA
"Gerbilliscus robustus"	"Rodentia"	0.0965	NA	400	400	NA
"Gerbillurus paeba"	"Rodentia"	0.0285	1950	435	1192.5	NA
"Grammomys dolichurus"	"Rodentia"	0.0375	343	110	226.5	NA
"Hybomys trivirgatus"	"Rodentia"	0.063	91	NA	91	NA
"Lemniscomys griselda"	"Rodentia"	0.054	387	NA	387	NA
"Lemniscomys striatus"	"Rodentia"	0.065	777	NA	777	NA
"Lophuromys flavopunctatus"	"Rodentia"	0.05	1610	NA	1610	NA
"Lophuromys sikapusi"	"Rodentia"	0.064	319	NA	319	NA
"Malacomys edwardsi"	"Rodentia"	0.064	256	NA	256	NA
"Mastomys natalensis"	"Rodentia"	0.07	NA	4300	4300	NA
"Melomys cervinipes"	"Rodentia"	0.065	667	NA	667	NA
"Meriones persicus"	"Rodentia"	0.116	150	NA	150	NA
"Meriones unguiculatus"	"Rodentia"	0.0805	NA	14560	14560	NA
"Micaelamys namaquensis"	"Rodentia"	0.058	NA	875	875	NA
"Mus bufo"	"Rodentia"	0.0086	380	NA	380	0
"Mus mahomet"	"Rodentia"	0.01	NA	3500	3500	0
"Mus minutoides"	"Rodentia"	0.00725	868	10	439	0
"Mus musculoides"	"Rodentia"	0.0085	699	NA	699	0
"Mus musculus"	"Rodentia"	0.0135	NA	4000	4000	0
"Mus triton"	"Rodentia"	0.0118	919	NA	919	0
"Mylomys dybowskii"	"Rodentia"	0.108	189	NA	189	NA
"Myomyscus verreauxii"	"Rodentia"	0.045	NA	3600	3600	NA
"Otomys angoniensis"	"Rodentia"	0.14	2970	15	1492.5	NA
"Otomys irroratus"	"Rodentia"	0.121	2700	NA	2700	NA
"Pelomys fallax"	"Rodentia"	0.112	1110	NA	1110	NA
"Praomys daltoni"	"Rodentia"	0.034	3170	NA	3170	NA
"Praomys erythroleucus"	"Rodentia"	0.053	876	NA	876	NA
"Praomys natalensis"	"Rodentia"	0.05	777	NA	777	NA
"Praomys tullbergi"	"Rodentia"	0.038	1900	NA	1900	NA
"Psammomys obesus"	"Rodentia"	0.07	79	NA	79	NA
"Rattus cremoriventer"	"Rodentia"	0.072	27	NA	27	0
"Rattus exulans"	"Rodentia"	0.06	4480	12900	8690	0
"Rattus fuscipes"	"Rodentia"	0.156	1770	2300	2035	0
"Rattus muelleri"	"Rodentia"	0.321	38	NA	38	0
"Rattus rattus"	"Rodentia"	0.191	3650	1280	2465	0
"Rattus tiomanicus"	"Rodentia"	0.112	227	NA	227	0
"Rattus villosissimus"	"Rodentia"	0.251	3350	NA	3350	0
"Rattus whiteheadi"	"Rodentia"	0.054	50	NA	50	0
"Rhabdomys pumilio"	"Rodentia"	0.061	224	4765	2494.5	NA
"Stochomys longicaudatus"	"Rodentia"	0.071	94	NA	94	NA
"Tatera kempii"	"Rodentia"	0.101	725	NA	725	NA
"Tatera leucogaster"	"Rodentia"	0.074	NA	NA	NA	NA
"Taterillus gracilis"	"Rodentia"	0.051	528	NA	528	NA
"Taterillus pygargus"	"Rodentia"	0.062	550	NA	550	NA
"Thallomys paedulcus"	"Rodentia"	0.082	NA	52.5	52.5	NA
"Uranomys ruddi"	"Rodentia"	0.034	214	NA	214	NA
"Zelotomys hildegardeae"	"Rodentia"	0.051	69	NA	69	NA
"Zyzomys argurus"	"Rodentia"	0.0525	NA	390	390	NA
"Cricetomys emini"	"Rodentia"	1.2	NA	0.6	0.6	NA
"Delanymys brooksi"	"Rodentia"	0.005	985	NA	985	NA
"Dendromus mesomelas"	"Rodentia"	0.0135	1980	NA	1980	NA
"Dendromus mystacalis"	"Rodentia"	0.0082	1170	NA	1170	NA
"Saccostomus campestris"	"Rodentia"	0.0575	870	12.5	441.25	NA
"Saccostomus mearnsi"	"Rodentia"	0.0745	NA	2900	2900	NA
"Steatomys pratensis"	"Rodentia"	0.0385	NA	65	65	NA
"Octodon degus"	"Rodentia"	0.215	14000	805	7402.5	NA
"Pedetes capensis"	"Rodentia"	3	NA	5.77	5.77	NA
"Ammospermophilus harrisii"	"Rodentia"	0.127	32	NA	32	1
"Callosciurus caniceps"	"Rodentia"	0.257	21	NA	21	NA
"Callosciurus erythraeus"	"Rodentia"	0.319	NA	500	500	NA
"Callosciurus nigrovittatus"	"Rodentia"	0.17	6.5	NA	6.5	NA
"Callosciurus notatus"	"Rodentia"	0.21	111	NA	111	NA
"Callosciurus prevostii"	"Rodentia"	0.349	NA	14.6	14.6	NA
"Citellus fulvus"	"Rodentia"	1.02	278	NA	278	NA
"Citellus pygmaeus"	"Rodentia"	0.222	1250	NA	1250	NA
"Cynomys leucurus"	"Rodentia"	1.199	NA	959.5	959.5	0
"Cynomys ludovicianus"	"Rodentia"	1.13	2470	NA	2470	0
"Eutamias minimus"	"Rodentia"	0.039	1700	NA	1700	NA
"Eutamias townsendi"	"Rodentia"	0.097	531	NA	531	NA
"Glaucomys sabrinus"	"Rodentia"	0.125	NA	48.5	48.5	1
"Glaucomys volans"	"Rodentia"	0.069	293	NA	293	1
"Marmota flaviventris"	"Rodentia"	3.4	296	NA	296	NA
"Marmota marmota"	"Rodentia"	3.95	616	NA	616	NA
"Marmota sibirica"	"Rodentia"	5.85	NA	0.176	0.176	NA
"Paraxerus cepapi"	"Rodentia"	0.171	NA	255	255	NA
"Paraxerus palliatus"	"Rodentia"	0.375	NA	323.5	323.5	NA
"Prosciurillus murinus"	"Rodentia"	0.076	NA	90.4	90.4	NA
"Prosciurillus rosenbergi"	"Rodentia"	NA	NA	117.3	117.3	NA
"Ratufa affinis"	"Rodentia"	1.23	NA	5.2	5.2	NA
"Ratufa bicolor"	"Rodentia"	1.69	NA	NA	NA	NA
"Ratufa indica"	"Rodentia"	2.01	NA	4.8633	4.8633	NA
"Ratufa macroura"	"Rodentia"	2.03	NA	66	66	NA
"Rhinosciurus laticaudatus"	"Rodentia"	0.253	10.8	NA	10.8	NA
"Sciurus aureogaster"	"Rodentia"	0.35	NA	NA	NA	0
"Sciurus carolinensis"	"Rodentia"	0.6	701	690	695.5	0
"Sciurus deppei"	"Rodentia"	0.246	NA	17.22	17.22	0
"Sciurus granatensis"	"Rodentia"	0.33	45	50	47.5	0
"Sciurus griseus"	"Rodentia"	0.675	431	227.5	329.25	0
"Sciurus langsdorffi"	"Rodentia"	0.275	300	NA	300	0
"Sciurus spadiceus"	"Rodentia"	0.595	NA	NA	NA	0
"Sciurus vulgaris"	"Rodentia"	0.4	NA	33	33	0
"Spermophilus armatus"	"Rodentia"	0.35	5130	NA	5130	0
"Spermophilus columbianus"	"Rodentia"	NA	NA	NA	NA	0
"Spermophilus franklini"	"Rodentia"	0.5	500	NA	500	0
"Spermophilus lateralis"	"Rodentia"	0.235	NA	228.5	228.5	0
"Spermophilus parryii"	"Rodentia"	0.754	NA	55	55	0
"Spermophilus richardsonii"	"Rodentia"	0.463	3280	2400	2840	0
"Spermophilus spilosoma"	"Rodentia"	0.145	105	150	127.5	0
"Spermophilus tridecemlineatus"	"Rodentia"	0.2	318	NA	318	0
"Spermophilus undulatus"	"Rodentia"	0.8	330	NA	330	0
"Sundasciurus hippurus"	"Rodentia"	0.43	NA	0.5	0.5	NA
"Sundasciurus tenuis"	"Rodentia"	0.1	23	NA	23	NA
"Tamias amoenus"	"Rodentia"	0.0515	NA	158	158	1
"Tamias cinereicollis"	"Rodentia"	0.0635	NA	386.5	386.5	1
"Tamias minimus"	"Rodentia"	0.0815	NA	100	100	1
"Tamias striatus"	"Rodentia"	0.154	2060	565	1312.5	1
"Tamias townsendii"	"Rodentia"	0.084	NA	164	164	1
"Tamias umbrinus"	"Rodentia"	0.0575	NA	250	250	1
"Tamiasciurus douglasii"	"Rodentia"	0.227	NA	117.5	117.5	1
"Tamiasciurus hudsonicus"	"Rodentia"	0.211	148	216.6666666667	182.33333333335	1
"Xerus rutilus"	"Rodentia"	0.258	NA	NA	NA	NA
"Tachyoryctes splendens"	"Rodentia"	0.2	3822	NA	3822	NA
